Workbook

Sheet ① 시작 안내
C2: 미션 5 · 시험 출제 풀코스 — 분류표에서 시험지·정답지·삽화까지
C3: 걸리는 시간: 약 18분 (1~3단계는 ★ 40분 핵심 코스, 4단계 삽화는 심화) | 이 미션 하나가 이 실습의 심장입니다.
C4: 이 파일은 [DRM AI 처음 40분 실습자료] 묶음의 일부입니다. 함께 들어 있는 실습 시뮬레이터에서 같은 미션을 먼저 눌러 보시면 훨씬 쉽습니다. (꾸러미로 받으셨으면 00_먼저_읽어보세요.html 의 파란 단추, 웹에서 받으셨으면 안내 페이지의 파란 단추입니다.) 묶음에는 실습1~6 엑셀과 [연습용_파일들] · [프롬프트_모음] 폴더가 함께 들어 있습니다.
C5: 전체 흐름
C6: [1] 이원목적분류표를 적는다 → 추가 프롬프트 15개가 수식으로 저절로 완성
C7: [2] 행 단위 병렬 처리 한 번 → 문항 15개가 한꺼번에 만들어짐
C8: [3] 한글 파일 만들기 두 번 → 학생용 시험지 / 교사용 정답지
C9: [4] 이미지 행 단위 병렬 생성 → 그림이 필요한 문항의 삽화 (심화)
C11: 1단계 — 추가 프롬프트 자동으로 만들기 (약 3분)
C12: [1_추가프롬프트 만들기] 시트를 엽니다. 선생님이 시험 전에 늘 만드시는 이원목적분류표 그대로입니다.
C13: H열을 클릭해 보세요. 손으로 쓴 문장이 아니라 수식입니다. B~G 칸의 값을 그대로 이어 붙여 문장을 만듭니다.
C14: 해 볼 것 : B2 칸의 내용을 다른 주제로 바꿔 보세요. H2 문장이 즉시 따라 바뀝니다.
... C82: 답 → ① H열이 수식이라 표(B~G)만 채우면 문장이 저절로 만들어집니다. ② 공통은 '문항을 만드는 규칙'(모든 행 공통), 추가는 '이번 문항의 조건'(행마다 다름). ③ ## [문항 구성],**정답:** 두 개를 쉼표로 적고 '기준 문구 포함 여부'는 [아니오].

Sheet 1_추가프롬프트 만들기
A1: 번호 | B1: [내용영역] | C1: [발문 유형] | D1: [문항 유형] | E1: [점수] | F1: [난이도] | G1: [정답] | H1: 추가 프롬프트 (자동 완성) | J1: 난이도 분포
A2: 1 | B2: 경제 성장으로 달라진 생활 모습 | C2: 긍정형 | D2: 메신저 대화형 (Chat/Messenger): 카카오톡 같은 모바일 메신저 창에서 친구들이나 가족이 대화하는 화면을 묘사하는 형태 | E2: 4 | F2: 중 | G2: ③ | H2: =$B$1&"은 "&B2&"에 관한 것, "&$C$1&"은 "&C2&", "&$D$1&"은 "&"'"&D2&"'를 적용하여 "&$F$1&" "&F2&" 수준의 문제를 만들어줘. "&$G$1&"은 "&G2&"번이 되도록 구성해줘. 발문 맨 끝에 소괄호로 "&E2&"점을 표기해줘." | J2: 상 | K2: =COUNTIF($F$2:$F$16,"상")
A3: 2 | B3: 국내 총생산의 의미 | C3: 일반형 | D3: 개념 설명형 문제 | E3: 3.3 | F3: 하 | G3: ② | H3: =$B$1&"은 "&B3&"에 관한 것, "&$C$1&"은 "&C3&", "&$D$1&"은 "&"'"&D3&"'를 적용하여 "&$F$1&" "&F3&" 수준의 문제를 만들어줘. "&$G$1&"은 "&G3&"번이 되도록 구성해줘. 발문 맨 끝에 소괄호로 "&E3&"점을 표기해줘." | J3: 중 | K3: =COUNTIF($F$2:$F$16,"중")
A4: 3 | B4: 국내 총생산의 한계 | C4: 일반형 | D4: <보기> 나열형: 글상자 안에 ㄱ, ㄴ, ㄷ, ㄹ 4개의 명제를 나열하고 맞는 것끼리 짝지은 것을 고르는 형태 | E4: 4 | F4: 중 | G4: ① | H4: =$B$1&"은 "&B4&"에 관한 것, "&$C$1&"은 "&C4&", "&$D$1&"은 "&"'"&D4&"'를 적용하여 "&$F$1&" "&F4&" 수준의 문제를 만들어줘. "&$G$1&"은 "&G4&"번이 되도록 구성해줘. 발문 맨 끝에 소괄호로 "&E4&"점을 표기해줘." | J4: 하 | K4: =COUNTIF($F$2:$F$16,"하")
A5: 4 | B5: 물가 상승이 생활에 미치는 영향 | C5: 부정형 | D5: 사례/스토리 제시형 (Case Study): 일상생활에서 벌어지는 구체적인 사건이나 갈등 상황을 짧은 이야기로 제시하는 형태 | E5: 4 | F5: 중 | G5: ④ | H5: =$B$1&"은 "&B5&"에 관한 것, "&$C$1&"은 "&C5&", "&$D$1&"은 "&"'"&D5&"'를 적용하여 "&$F$1&" "&F5&" 수준의 문제를 만들어줘. "&$G$1&"은 "&G5&"번이 되도록 구성해줘. 발문 맨 끝에 소괄호로 "&E5&"점을 표기해줘." | J5: 합계 | K5: =SUM(K2:K4)
A6: 5 | B6: 물가 지수 120의 의미 | C6: 일반형 | D6: 개념 설명형 문제 | E6: 3.3 | F6: 하 | G6: ⑤ | H6: =$B$1&"은 "&B6&"에 관한 것, "&$C$1&"은 "&C6&", "&$D$1&"은 "&"'"&D6&"'를 적용하여 "&$F$1&" "&F6&" 수준의 문제를 만들어줘. "&$G$1&"은 "&G6&"번이 되도록 구성해줘. 발문 맨 끝에 소괄호로 "&E6&"점을 표기해줘."
A7: 6 | B7: 물가 상승으로 불리해지는 사람 | C7: 일반형 | D7: <보기> 나열형: 글상자 안에 ㄱ, ㄴ, ㄷ, ㄹ 4개의 명제를 나열하고 맞는 것끼리 짝지은 것을 고르는 형태 | E7: 4 | F7: 중 | G7: ④ | H7: =$B$1&"은 "&B7&"에 관한 것, "&$C$1&"은 "&C7&", "&$D$1&"은 "&"'"&D7&"'를 적용하여 "&$F$1&" "&F7&" 수준의 문제를 만들어줘. "&$G$1&"은 "&G7&"번이 되도록 구성해줘. 발문 맨 끝에 소괄호로 "&E7&"점을 표기해줘." | J7: 정답 번호 분포 (쏠림 확인)
A8: 7 | B8: 물가 안정을 위한 정부의 대책 | C8: 일반형 | D8: 대화/토론형 (Dialogue/Debate): 갑, 을, 병(또는 교사와 학생)이 특정 주제에 대해 의견을 나누는 형태 | E8: 4.3 | F8: 상 | G8: ② | H8: =$B$1&"은 "&B8&"에 관한 것, "&$C$1&"은 "&C8&", "&$D$1&"은 "&"'"&D8&"'를 적용하여 "&$F$1&" "&F8&" 수준의 문제를 만들어줘. "&$G$1&"은 "&G8&"번이 되도록 구성해줘. 발문 맨 끝에 소괄호로 "&E8&"점을 표기해줘." | J8: ① | K8: ② | L8: ③ | M8: ④ | N8: ⑤
A9: 8 | B9: 실업의 종류와 사례 | C9: 긍정형 | D9: 사례/스토리 제시형 (Case Study): 일상생활에서 벌어지는 구체적인 사건이나 갈등 상황을 짧은 이야기로 제시하는 형태 | E9: 4 | F9: 중 | G9: ③ | H9: =$B$1&"은 "&B9&"에 관한 것, "&$C$1&"은 "&C9&", "&$D$1&"은 "&"'"&D9&"'를 적용하여 "&$F$1&" "&F9&" 수준의 문제를 만들어줘. "&$G$1&"은 "&G9&"번이 되도록 구성해줘. 발문 맨 끝에 소괄호로 "&E9&"점을 표기해줘." | J9: =COUNTIF($G$2:$G$16,"①") | K9: =COUNTIF($G$2:$G$16,"②") | L9: =COUNTIF($G$2:$G$16,"③") | M9: =COUNTIF($G$2:$G$16,"④") | N9: =COUNTIF($G$2:$G$16,"⑤")
A10: 9 | B10: 실업률 계산과 해석 | C10: 일반형 | D10: 통계 표/그래프형 (Table/Chart): 그래프를 제시하고 수치를 해석하는 형태 | E10: 4.3 | F10: 상 | G10: ① | H10: =$B$1&"은 "&B10&"에 관한 것, "&$C$1&"은 "&C10&", "&$D$1&"은 "&"'"&D10&"'를 적용하여 "&$F$1&" "&F10&" 수준의 문제를 만들어줘. "&$G$1&"은 "&G10&"번이 되도록 구성해줘. 발문 맨 끝에 소괄호로 "&E10&"점을 표기해줘."
A11: 10 | B11: 고용 안정을 위한 노력 | C11: 일반형 | D11: 신문 기사/뉴스 보도형 (News Report): 실제 있을 법한 사회적 이슈나 법적 사건을 객관적인 기사 톤으로 제시하는 형태 | E11: 3.3 | F11: 하 | G11: ⑤ | H11: =$B$1&"은 "&B11&"에 관한 것, "&$C$1&"은 "&C11&", "&$D$1&"은 "&"'"&D11&"'를 적용하여 "&$F$1&" "&F11&" 수준의 문제를 만들어줘. "&$G$1&"은 "&G11&"번이 되도록 구성해줘. 발문 맨 끝에 소괄호로 "&E11&"점을 표기해줘." | J11: 배점 합계 | K11: =SUM(E2:E16)
A12: 11 | B12: 국제 거래가 필요한 까닭 | C12: 일반형 | D12: 가상 인터뷰/강연형 (Interview/Speech): 전문가, 역사적 인물, 가상의 정치인 등과의 인터뷰나 연설문 발췌본을 제시하는 형태 | E12: 3.3 | F12: 하 | G12: ② | H12: =$B$1&"은 "&B12&"에 관한 것, "&$C$1&"은 "&C12&", "&$D$1&"은 "&"'"&D12&"'를 적용하여 "&$F$1&" "&F12&" 수준의 문제를 만들어줘. "&$G$1&"은 "&G12&"번이 되도록 구성해줘. 발문 맨 끝에 소괄호로 "&E12&"점을 표기해줘." | J12: 점검 | K12: =IF(MAX(J9:N9)-MIN(J9:N9)>2,"정답 번호가 한쪽으로 쏠렸습니다","정답 분포 양호")
A13: 12 | B13: 환율 변동이 미치는 영향 | C13: 부정형 | D13: 통계 표/그래프형 (Table/Chart): 그래프를 제시하고 수치를 해석하는 형태 | E13: 4.3 | F13: 상 | G13: ④ | H13: =$B$1&"은 "&B13&"에 관한 것, "&$C$1&"은 "&C13&", "&$D$1&"은 "&"'"&D13&"'를 적용하여 "&$F$1&" "&F13&" 수준의 문제를 만들어줘. "&$G$1&"은 "&G13&"번이 되도록 구성해줘. 발문 맨 끝에 소괄호로 "&E13&"점을 표기해줘."
A14: 13 | B14: 우리나라 무역 구조의 특징 | C14: 일반형 | D14: 지도 분석형 (Map): 세계 지도나 국가 지도를 제시하고 A, B, C 지역의 특징을 묻는 형태 | E14: 4 | F14: 중 | G14: ③ | H14: =$B$1&"은 "&B14&"에 관한 것, "&$C$1&"은 "&C14&", "&$D$1&"은 "&"'"&D14&"'를 적용하여 "&$F$1&" "&F14&" 수준의 문제를 만들어줘. "&$G$1&"은 "&G14&"번이 되도록 구성해줘. 발문 맨 끝에 소괄호로 "&E14&"점을 표기해줘." | J14: ① 위 표의 B~G 칸만 고치면 H열 문장이 저절로 다시 만들어집니다.
A15: 14 | B15: 세계화에 따른 경제 생활 변화 | C15: 긍정형 | D15: 온라인 커뮤니티/Q&A 게시판형 (Forum): 지식인이나 학교 게시판에 고민이나 질문을 올리고, 그에 대한 답변이 달린 형태 | E15: 4 | F15: 중 | G15: ⑤ | H15: =$B$1&"은 "&B15&"에 관한 것, "&$C$1&"은 "&C15&", "&$D$1&"은 "&"'"&D15&"'를 적용하여 "&$F$1&" "&F15&" 수준의 문제를 만들어줘. "&$G$1&"은 "&G15&"번이 되도록 구성해줘. 발문 맨 끝에 소괄호로 "&E15&"점을 표기해줘." | J15: ② H열은 손으로 고치지 마세요. 수식이 지워집니다.
A16: 15 | B16: 자유 무역과 보호 무역 | C16: 일반형 | D16: 모식도/개념도형 (Diagram): 화살표와 박스로 나타낸 다이어그램 형태 | E16: 4 | F16: 중 | G16: ① | H16: =$B$1&"은 "&B16&"에 관한 것, "&$C$1&"은 "&C16&", "&$D$1&"은 "&"'"&D16&"'를 적용하여 "&$F$1&" "&F16&" 수준의 문제를 만들어줘. "&$G$1&"은 "&G16&"번이 되도록 구성해줘. 발문 맨 끝에 소괄호로 "&E16&"점을 표기해줘." | J16: ③ 배점 합계는 이 15문항(객관식)만의 합입니다. 서술형 배점은 따로 더하세요.

Sheet 문항 형태 (골라 쓰세요)
A1: 문항 형태 설명 — 이 칸을 복사해 [1_추가프롬프트 만들기] D열에 붙여 넣으세요 | B1: 정답 형태
A2: 대화/토론형 (Dialogue/Debate): 갑, 을, 병(또는 교사와 학생)이 특정 주제에 대해 의견을 나누는 형태 | B2: ①
A3: 일기/기행문/편지형 (Diary/Journal): 특정 지역을 여행하거나 특정 사건을 겪은 후 작성한 개인의 기록 형태 | B3: ②
A4: 신문 기사/뉴스 보도형 (News Report): 실제 있을 법한 사회적 이슈나 법적 사건을 객관적인 기사 톤으로 제시하는 형태 | B4: ③
A5: 사례/스토리 제시형 (Case Study): 일상생활에서 벌어지는 구체적인 사건이나 갈등 상황을 짧은 이야기로 제시하는 형태 | B5: ④
A6: 가상 인터뷰/강연형 (Interview/Speech): 전문가, 역사적 인물, 가상의 정치인 등과의 인터뷰나 연설문 발췌본을 제시하는 형태 | B6: ⑤
A7: SNS 게시물/댓글형 (Social Media): 인스타그램, 페이스북 등의 게시물과 그 아래 달린 사람들의 찬반 댓글을 분석하는 형태
A8: 메신저 대화형 (Chat/Messenger): 카카오톡 같은 모바일 메신저 창에서 친구들이나 가족이 대화하는 화면을 묘사하는 형태
A9: 온라인 커뮤니티/Q&A 게시판형 (Forum): 지식인이나 학교 게시판에 고민이나 질문을 올리고, 그에 대한 답변이 달린 형태
A10: 시각 자료를 사용하며, 마크다운 표나 이미지 생성 프롬프트가 필요한 형태
A11: 지도 분석형 (Map): 세계 지도나 국가 지도를 제시하고 A, B, C 지역의 특징을 묻는 형태
A12: 통계 표/그래프형 (Table/Chart): 그래프를 제시하고 수치를 해석하는 형태
A13: 모식도/개념도형 (Diagram): 화살표와 박스로 나타낸 다이어그램 형태
A14: 만화/삽화형 (Cartoon): 풍자 만화나 두 컷짜리 상황 만화를 글로 묘사하여 제시하는 형태
A15: <보기> 나열형: 글상자 안에 ㄱ, ㄴ, ㄷ, ㄹ 4개의 명제를 나열하고 맞는 것끼리 짝지은 것을 고르는 형태
A16: 빈칸 추론형 (A, B / 가, 나): 긴 지문이나 자료의 핵심 개념어 자리를 뚫어놓고 (가), (나)에 들어갈 알맞은 말을 묻는 형태
A17: 마인드맵/마름모 분류형: 예/아니오 질문을 따라가며 최종 도착지(A~D)에 해당하는 개념을 찾는 알고리즘 형태
A18: 부정형 발문 문제
A19: 개념 설명형 문제

Sheet 2_문항 만들기
A1: 번호 | B1: 주제 | C1: 교과 자료 경로 (PDF) | D1: 참고 이미지 1 | E1: 참고 이미지 2 | F1: 추가 프롬프트 (1번 시트에서 자동으로 옵니다) | G1: 문항 — 비워 두세요 (G열) | H1: 그림 경로 — 비워 두세요 (H열) | J1: ▼ 삽화용 공통 프롬프트 — [프롬프트 관리] 의 [문제 제작_문제로 이미지 만들기] 와 같은 내용입니다
A2: 1 | B2: 경제 성장으로 달라진 생활 모습 | F2: ='1_추가프롬프트 만들기'!H2 | J2: 아래 두 가지 상황에 맞게 시험 출제용 흑백 라인 아트 스타일로 이미지를 만들어줘. #1. 자료에 '## [그림 생성 프롬프트]'에 내용이 있는 경우, 이것을 반영해서 만들어줘. #2. 자료에 '## [그림 생성 프롬프트]'에 내용이 없는 경우, 문제 작성에 필요하다고 생각되는 자료만 선별해서 이미지를 만들어줘.
A3: 2 | B3: 국내 총생산의 의미 | F3: ='1_추가프롬프트 만들기'!H3
A4: 3 | B4: 국내 총생산의 한계 | F4: ='1_추가프롬프트 만들기'!H4
A5: 4 | B5: 물가 상승이 생활에 미치는 영향 | F5: ='1_추가프롬프트 만들기'!H5 | J5: 이 프롬프트는 이미 추가 기능에 들어 있습니다. 실행할 때 [프롬프트 관리 폼에서 선택] 을 고르고 [문제 제작_문제로 이미지 만들기] 를 누르면 됩니다. 여기 적어 둔 것은 내용을 눈으로 확인하시라고 옮겨 놓은 것입니다.
A6: 5 | B6: 물가 지수 120의 의미 | F6: ='1_추가프롬프트 만들기'!H6
A7: 6 | B7: 물가 상승으로 불리해지는 사람 | F7: ='1_추가프롬프트 만들기'!H7
A8: 7 | B8: 물가 안정을 위한 정부의 대책 | F8: ='1_추가프롬프트 만들기'!H8
A9: 8 | B9: 실업의 종류와 사례 | F9: ='1_추가프롬프트 만들기'!H9
A10: 9 | B10: 실업률 계산과 해석 | F10: ='1_추가프롬프트 만들기'!H10
A11: 10 | B11: 고용 안정을 위한 노력 | F11: ='1_추가프롬프트 만들기'!H11
A12: 11 | B12: 국제 거래가 필요한 까닭 | F12: ='1_추가프롬프트 만들기'!H12
A13: 12 | B13: 환율 변동이 미치는 영향 | F13: ='1_추가프롬프트 만들기'!H13
A14: 13 | B14: 우리나라 무역 구조의 특징 | F14: ='1_추가프롬프트 만들기'!H14
A15: 14 | B15: 세계화에 따른 경제 생활 변화 | F15: ='1_추가프롬프트 만들기'!H15
A16: 15 | B16: 자유 무역과 보호 무역 | F16: ='1_추가프롬프트 만들기'!H16
B18: C·D·E 칸은 비워 두어도 문항이 만들어집니다. 넣으려면 C:\ 로 시작하는 전체 경로를 적으세요 (예: C:\수업자료\2학년사회_4단원_교과서.pdf). 경로를 넣으면 그 교과서 내용을 근거로 문항을 만듭니다. 이 실습에서는 비워 둔 채로 진행해도 됩니다.

Sheet 3_한글 파일로 보내기
B2: 만든 문항에서 필요한 부분만 뽑아 한글 파일로
B4: 왜 그냥 복사하면 안 되나요
B5: [2_문항 만들기] G열에는 그림 프롬프트, 문항, 정답, 풀이가 모두 한 칸에 들어 있습니다. 학생에게 나눠 줄 시험지에는 문항 부분만 있어야 하고, 교사용 정답지에는 정답과 풀이만 있어야 합니다.
B6: [한글 파일 만들기] 는 '기준 문구'를 정해 그 사이 내용만 뽑아 한글 파일로 만들어 줍니다.
B8: 먼저 알아 두실 것 — 기준 문구는 '어디서부터'와 '어디까지'입니다
B9: 기준 문구를 하나만 적으면 그 말 뒤부터 셀 끝까지 전부 나갑니다. 즉 정답과 풀이까지 따라 나옵니다.
B10: 두 개를 쉼표로 적으면 첫 번째 말 뒤부터 두 번째 말 앞까지만 나갑니다. 두 번째 기준이 '여기서 끊어라'는 표시입니다.
B12: 준비물
B13: 한글(HWP) 프로그램이 설치되어 있어야 합니다. 한글의 [도구] → [환경 설정] → [기타] 에서 '외부 프로그램에서 한글 문서에 접근 허용'이 켜져 있어야 합니다. 꺼져 있으면 '한글 COM 객체를 만들 수 없습니다' 라는 안내가 뜹니다.
B15: 학생용 시험지 만들기
B16: 1. [2_문항 만들기] 시트에서 G2 부터 G16 까지 끌어 선택합니다. (반드시 한 열만)
B17: 2. [데이터] 탭 → [API 메뉴] → [DRM AI v10.7] → [일반 기능] → [한글 파일 만들기]
... B40: · 같은 이름의 파일이 있으면 덮어쓸지 물어봅니다.

Sheet 예시 결과 (완성된 문항)
A1: 번호 | B1: 이런 모양으로 나옵니다
A2: 그림 없는 예 | B2: ## [그림 생성 프롬프트] 없음 ## [문항 구성] **질문:** 다음 대화에 나타난 현상에 대한 설명으로 가장 적절한 것은? (4점) **[자료]:** [모바일 메신저 대화창] **지우:** 주말에 할머니 댁 다녀왔는데, 할머니 어릴 적엔 우리 동네가 다 허허벌판이었대! **민수:** 정말? 지금은 높은 빌딩이랑 공원이 엄청 많은데? 상상이 안 간다. **지우:** 응! 예전엔 시설이 없어서 강에서 물놀이만 했었는데, 지금은 자전거도 타고 캠핑도 할 수 있게 변했어. **민수:** 우와, 우리나라 경제가 크게 발전하면서 우리 생활 모습도 정말 많이 달라졌구나. **선택지:** ① 빈부 격차가 해소된다. ② 물질적 풍요가 감소한다. ③ 일자리가 늘고 소득이 증가한다. ④ 명목 국내 총생산의 증가율로 측정한다. ⑤ 국민의 삶의 질과 항상 비례하여 높아진다. **정답:** ③ **설명:** - **[정답 풀이]:** 대화에 나타난 현상은 '경제 성장'입니다. 경제가 성장하여 한 나라의 생산 능력이 커지면 재화와 서비스의 생산이 늘어나 일자리가 창출되고 국민 소득이 증가합니다. - **[오답 풀이]:** ① 경제가 성장하더라도 그 혜택이 고루 분배되지 않으면 빈부 격차가 오히려 확대될 수 있습니다. ② 경제 성장은 재화와 서비스의 총량이 커지는 것이므로 물질적 풍요는 증가합니다. ④ 경제 성장 정도는 물가 변동의 영향을 제거한 '실질 국내 총생산'의 증가율로 측정합니다. ⑤ 장시간 근로, 환경 오염 등의 문제가 생길 수 있으므로 삶의 질이 반드시 비례하여 높아지지는 않습니다.
A3: 그림 있는 예 | B3: ## [그림 생성 프롬프트] > **Prompt:** 시험 출제용 흑백 라인 아트. 가로축은 연도(2022~2026), 세로축은 물가 지수(90~130)인 꺾은선 그래프 한 개. 2024년을 기준 연도로 표시하고 그 지점에 100 이라는 값 표시. 2026년 지점에 120 이라는 값 표시. 격자선은 옅은 회색 실선, 그래프 선은 굵은 검정 실선. 글자는 한글, 장식 없음. > **Description:** 기준 연도(2024년 = 100)와 비교 시점(2026년 = 120)을 학생이 눈으로 확인할 수 있어야 함. 축 제목은 '연도'와 '물가 지수'. ## [문항 구성] **질문:** 다음 그래프에 대한 설명으로 가장 적절한 것은? (3.3점) **[자료]:** (위 그림 생성 프롬프트로 만든 물가 지수 그래프) **선택지:** ① 물가가 120원 올랐다. ② 물가가 120% 상승하였다. ③ 화폐의 가치가 상승하였다. ④ 2024년의 물가 지수는 120이다. ⑤ 기준 연도보다 물가가 20% 상승하였다. **정답:** ⑤ **설명:** - **[정답 풀이]:** 물가 지수는 기준 시점의 물가 수준을 100으로 놓고 비교 시점의 물가 수준을 백분율로 나타낸 값입니다. 기준 연도 100에서 120이 되었으므로 20% 상승한 것입니다. - **[오답 풀이]:** ① 물가 지수는 금액(원)이 아니라 비율을 나타냅니다. ② 100에서 120으로 변했으므로 상승률은 20%입니다. ③ 물가가 오르면 같은 돈으로 살 수 있는 양이 줄어 화폐 가치는 하락합니다. ④ 기준 연도의 물가 지수는 항상 100입니다.
